sec,secHelpText,group_id,rst_ID,rst_RecTypeID,rst_DetailTypeID,rst_DisplayName,rst_DisplayHelpText,rst_DisplayExtendedDescription,rst_DisplayOrder,rst_DisplayWidth,rst_DisplayHeight,rst_DefaultValue,rst_RecordMatchOrder,rst_CalcFunctionID,rst_CalcFieldMask,rst_RequirementType,rst_NonOwnerVisibility,rst_Status,rst_MayModify,rst_OriginatingDBID,rst_IDInOriginatingDB,rst_MaxValues,rst_MinValues,rst_InitialRepeats,rst_DisplayDetailTypeGroupID,rst_FilteredJsonTermIDTree,rst_PtrFilteredIDs,rst_CreateChildIfRecPtr,rst_PointerMode,rst_PointerBrowseFilter,rst_OrderForThumbnailGeneration,rst_TermIDTreeNonSelectableIDs,rst_ShowDetailCertainty,rst_ShowDetailAnnotation,rst_NumericLargestValueUsed,rst_EntryMask,rst_Modified,rst_LocallyModified,rst_SemanticReferenceURL,rst_TermsAsButtons,rty_ID,rty_Name,rty_OrderInGroup,rty_Description,rty_TitleMask,rty_CanonicalTitleMask,rty_Plural,rty_Status,rty_OriginatingDBID,rty_NameInOriginatingDB,rty_IDInOriginatingDB,rty_NonOwnerVisibility,rty_ShowInLists,rty_RecTypeGroupID,rty_RecTypeModelIDs,rty_FlagAsFieldset,rty_ReferenceURL,rty_AlternativeRecEditor,rty_Type,rty_ShowURLOnEditForm,rty_ShowDescriptionOnEditForm,rty_Modified,rty_LocallyModified,dty_ID,dty_Name,dty_Documentation,dty_Type,dty_HelpText,dty_ExtendedDescription,dty_EntryMask,dty_Status,dty_OriginatingDBID,dty_NameInOriginatingDB,dty_IDInOriginatingDB,dty_DetailTypeGroupID,dty_OrderInGroup,dty_JsonTermIDTree,dty_TermIDTreeNonSelectableIDs,dty_PtrTargetRectypeIDs,dty_FieldSetRectypeID,dty_ShowInLists,dty_NonOwnerVisibility,dty_Modified,dty_LocallyModified,dty_SemanticReferenceURL,trm_TreeID,trm_Label,trm_Description,n_vocabTerms,vocabTerms
Label Components,Data fields that also help human users search for and recognize this record in the database.,1,3362,106,57,Label Components,Data fields that also help human users search for and recognize this record in the database.,,0,100,3,tabs,0,,,optional,public,open,open,0,,1,0,1,,,,false,dropdown_add,,,,false,false,,,2024-09-05 17:01:46,0,,false,106,document,0,"A physical entity: a book (manuscript, incunabula, fragment, printed copy…)","[1308.rectitle]\n{\\, \\ [[location unknown]]}\n[1309]{\\, \\} \n[1307]{\\, \\ [[without shelfmark]] ([1367])}\n[1310]{\\ hypothetical \\}",160,documents,open,0,historical-document,106,viewable,true,23,,false,,,normal,false,true,2025-05-15 09:18:24,false,57,Header 1,Please document the nature of this detail type (field)) ...,separator, ,,,open,2,Header 1,57,139,0,,[],[],0,false,viewable,2021-12-31 05:59:44,true,,,,,,
Label Components,Data fields that also help human users search for and recognize this record in the database.,1,3844,106,1307,current_shelfmark,"Shelf mark by which the document can be requested or, in the case of unavailable archives, by which it is known. If the institution has not provided a shelf mark, leave blank.",,1,30,3,,0,,,recommended,public,open,open,0,,1,0,1,,,,false,dropdown_add,,,,false,false,,,2025-05-07 07:29:27,0,,false,106,document,0,"A physical entity: a book (manuscript, incunabula, fragment, printed copy…)","[1308.rectitle]\n{\\, \\ [[location unknown]]}\n[1309]{\\, \\} \n[1307]{\\, \\ [[without shelfmark]] ([1367])}\n[1310]{\\ hypothetical \\}",160,documents,open,0,historical-document,106,viewable,true,23,,false,,,normal,false,true,2025-05-15 09:18:24,false,1307,current_shelfmark,Please document the nature of this detail type (field)) ...,freetext,"Shelf mark by which the document can be requested or, in the case of unavailable archives, by which it is known. If the institution has not provided a shelf mark, leave blank.",,,open,0,current_shelfmark,1307,1,0,,[],[],,true,viewable,2025-05-07 07:29:28,false,,,,,,
Label Components,Data fields that also help human users search for and recognize this record in the database.,1,3953,106,1367,contents_of_record_without_shelfmark,"A distinguishing note about a record without a shelfmark, such as its contents.",,2,40,3,,0,,,optional,public,open,open,0,,1,0,1,,,,false,dropdown_add,,,,false,false,,,2025-05-06 19:18:03,0,,false,106,document,0,"A physical entity: a book (manuscript, incunabula, fragment, printed copy…)","[1308.rectitle]\n{\\, \\ [[location unknown]]}\n[1309]{\\, \\} \n[1307]{\\, \\ [[without shelfmark]] ([1367])}\n[1310]{\\ hypothetical \\}",160,documents,open,0,historical-document,106,viewable,true,23,,false,,,normal,false,true,2025-05-15 09:18:24,false,1367,contents_of_record_without_shelfmark,Please document the nature of this detail type (field)) ...,freetext,"A distinguishing note about a record without a shelfmark, such as its contents.",,,open,0,contents_of_record_without_shelfmark,1367,1,0,,[],[],,true,viewable,2025-05-06 19:17:57,false,,,,,,
Label Components,Data fields that also help human users search for and recognize this record in the database.,1,3846,106,1309,collection,"A single collection of materials with some unifying characteristic, housed in an archive.<br>Query <a target=\""_blank\"" href=\""https://www.wikidata.org/wiki/Q9388534\"">Q9388534</a>",,3,50,3,,0,,,optional,public,open,open,0,,1,0,1,,,,false,dropdown_add,,,,false,false,,,2025-05-06 19:17:57,0,https://www.wikidata.org/wiki/Q9388534,false,106,document,0,"A physical entity: a book (manuscript, incunabula, fragment, printed copy…)","[1308.rectitle]\n{\\, \\ [[location unknown]]}\n[1309]{\\, \\} \n[1307]{\\, \\ [[without shelfmark]] ([1367])}\n[1310]{\\ hypothetical \\}",160,documents,open,0,historical-document,106,viewable,true,23,,false,,,normal,false,true,2025-05-15 09:18:24,false,1309,collection,Please document the nature of this detail type (field)) ...,freetext,"A single collection of materials with some unifying characteristic, housed in an archive.<br>Query <a target=\""_blank\"" href=\""https://www.wikidata.org/wiki/Q9388534\"">Q9388534</a>",,,open,0,collection,1309,1,0,,[],[],,true,viewable,2024-10-15 11:19:07,false,,,,,,
Label Components,Data fields that also help human users search for and recognize this record in the database.,1,3845,106,1308,location,"Location of the object, structure or event, i.e. the Mona Lisa\'s location is the Louvre Museum.<br>Property <a target=\""_blank\"" href=\""https://www.wikidata.org/wiki/Property:P276\"">P276</a>",,4,100,3,,0,,,recommended,public,open,open,0,,1,0,1,,,,false,dropdown_add,,,,false,false,,,2025-05-06 19:17:57,0,https://www.wikidata.org/wiki/Property:P276,false,106,document,0,"A physical entity: a book (manuscript, incunabula, fragment, printed copy…)","[1308.rectitle]\n{\\, \\ [[location unknown]]}\n[1309]{\\, \\} \n[1307]{\\, \\ [[without shelfmark]] ([1367])}\n[1310]{\\ hypothetical \\}",160,documents,open,0,historical-document,106,viewable,true,23,,false,,,normal,false,true,2025-05-15 09:18:24,false,1308,location,Please document the nature of this detail type (field)) ...,resource,"Location of the object, structure or event, i.e. the Mona Lisa\'s location is the Louvre Museum.<br>Property <a target=\""_blank\"" href=\""https://www.wikidata.org/wiki/Property:P276\"">P276</a>",,,open,0,is_preserved_in,1308,1,0,,[],[108],,true,viewable,2024-10-15 11:17:05,false,,,,,,
Label Components,Data fields that also help human users search for and recognize this record in the database.,1,3951,106,1365,location_known,"The object\'s current physical location is known. If the location is not known, describe what is known in the free-text field.",,5,100,3,9497,0,,,required,public,open,open,0,,1,0,1,,,,false,dropdown_add,,,,false,false,,,2025-05-07 07:19:08,0,,true,106,document,0,"A physical entity: a book (manuscript, incunabula, fragment, printed copy…)","[1308.rectitle]\n{\\, \\ [[location unknown]]}\n[1309]{\\, \\} \n[1307]{\\, \\ [[without shelfmark]] ([1367])}\n[1310]{\\ hypothetical \\}",160,documents,open,0,historical-document,106,viewable,true,23,,false,,,normal,false,true,2025-05-15 09:18:24,false,1365,location_known,Please document the nature of this detail type (field)) ...,enum,"The object\'s current physical location is known. If the location is not known, describe what is known in the free-text field.",,,open,0,location_known,1365,1,0,9496,[],[],,true,viewable,2025-05-06 15:17:37,false,,9496,yes/no vocab,,3,"{Yes={'description': NULL, 'url': NULL, 'id': 9497}, No={'description': NULL, 'url': NULL, 'id': 9498}, unknown={'description': The information is not ready for input., 'url': NULL, 'id': 9535}}"
Label Components,Data fields that also help human users search for and recognize this record in the database.,1,3952,106,1366,location_notes,"If the current physical location is unknown, describe what is known about the object\'s location.",,6,120,3,,0,,,optional,public,open,open,0,,1,0,1,,,,false,dropdown_add,,,,false,false,,,2025-05-07 07:38:11,0,,false,106,document,0,"A physical entity: a book (manuscript, incunabula, fragment, printed copy…)","[1308.rectitle]\n{\\, \\ [[location unknown]]}\n[1309]{\\, \\} \n[1307]{\\, \\ [[without shelfmark]] ([1367])}\n[1310]{\\ hypothetical \\}",160,documents,open,0,historical-document,106,viewable,true,23,,false,,,normal,false,true,2025-05-15 09:18:24,false,1366,location_notes,Please document the nature of this detail type (field)) ...,freetext,"If the current physical location is unknown, describe what is known about the object\'s location.",,,open,0,location_notes,1366,1,0,,[],[],,true,viewable,2025-05-06 15:19:37,false,,,,,,
Hypothesis,"Data fields concerned with hypotheses related to this entity, either because the entity itself is hypothetical or because it is related to hypothetical entities.",2,3364,106,69,Hypothesis,"Data fields concerned with hypotheses related to this entity, either because the entity itself is hypothetical or because it is related to hypothetical entities.",,7,100,3,tabs,0,,,optional,public,open,open,0,,1,0,1,,,,false,dropdown_add,,,,false,false,,,2025-05-15 09:14:48,0,,false,106,document,0,"A physical entity: a book (manuscript, incunabula, fragment, printed copy…)","[1308.rectitle]\n{\\, \\ [[location unknown]]}\n[1309]{\\, \\} \n[1307]{\\, \\ [[without shelfmark]] ([1367])}\n[1310]{\\ hypothetical \\}",160,documents,open,0,historical-document,106,viewable,true,23,,false,,,normal,false,true,2025-05-15 09:18:24,false,69,Header 3,Please document the nature of this detail type (field)) ...,separator, ,,,open,2,Header 3,69,139,0,,[],[],0,false,viewable,2021-12-31 05:59:45,true,,,,,,
Hypothesis,"Data fields concerned with hypotheses related to this entity, either because the entity itself is hypothetical or because it is related to hypothetical entities.",2,3848,106,1266,is_hypothetical,Whether the entity is attested (True) in a hypothesis or whether it is received as fact that it exists or existed (False).,,8,100,3,9483,0,,,required,public,open,open,0,,1,0,1,,,,false,dropdown_add,,,,false,false,,,2025-05-15 09:14:48,0,,true,106,document,0,"A physical entity: a book (manuscript, incunabula, fragment, printed copy…)","[1308.rectitle]\n{\\, \\ [[location unknown]]}\n[1309]{\\, \\} \n[1307]{\\, \\ [[without shelfmark]] ([1367])}\n[1310]{\\ hypothetical \\}",160,documents,open,0,historical-document,106,viewable,true,23,,false,,,normal,false,true,2025-05-15 09:18:24,false,1266,is_unobserved,Please document the nature of this detail type (field)) ...,enum,Whether the entity is attested (True) in a hypothesis or whether it is received as fact that it exists or existed (False).,,,open,0,is_hypothetical,1266,1,0,9481,[],[],,true,viewable,2024-10-01 14:56:27,false,,9481,yes/no/maybe vocab,,4,"{Yes={'description': NULL, 'url': NULL, 'id': 9482}, No={'description': NULL, 'url': NULL, 'id': 9483}, Maybe={'description': NULL, 'url': NULL, 'id': 9484}, unknown={'description': The information is not ready to be input., 'url': NULL, 'id': 9770}}"
Hypothesis,"Data fields concerned with hypotheses related to this entity, either because the entity itself is hypothetical or because it is related to hypothetical entities.",2,3847,106,1310,invented_label,"<b>**Required if document is hypothetical**</b><br/>\nIf this record is a hypothetical document, a useful label by which to recognize and refer to the document.",,9,60,3,,0,,,recommended,public,open,open,0,,1,0,1,,,,false,dropdown_add,,,,false,false,,,2025-05-15 09:16:08,0,,false,106,document,0,"A physical entity: a book (manuscript, incunabula, fragment, printed copy…)","[1308.rectitle]\n{\\, \\ [[location unknown]]}\n[1309]{\\, \\} \n[1307]{\\, \\ [[without shelfmark]] ([1367])}\n[1310]{\\ hypothetical \\}",160,documents,open,0,historical-document,106,viewable,true,23,,false,,,normal,false,true,2025-05-15 09:18:24,false,1310,invented_label,Please document the nature of this detail type (field)) ...,freetext,"If this record is a hypothetical document, a useful label by which to recognize and refer to the document.",,,open,0,invented_label,1310,1,0,,[],[],,true,viewable,2024-09-05 17:07:38,false,,,,,,
Hypothesis,"Data fields concerned with hypotheses related to this entity, either because the entity itself is hypothetical or because it is related to hypothetical entities.",2,3849,106,1294,claim_freetext,"<b>[Temporary]</b><br>Brief note about the hypothesis that attests to this record\'s existence. This information is meant to be a temporary note that will eventually be entered into a Hypothesis entity, which should be linked back to this record.",,10,60,3,,0,,,recommended,public,open,open,0,,1,0,1,,,,false,dropdown_add,,,,false,false,,,2025-05-06 19:17:57,0,,false,106,document,0,"A physical entity: a book (manuscript, incunabula, fragment, printed copy…)","[1308.rectitle]\n{\\, \\ [[location unknown]]}\n[1309]{\\, \\} \n[1307]{\\, \\ [[without shelfmark]] ([1367])}\n[1310]{\\ hypothetical \\}",160,documents,open,0,historical-document,106,viewable,true,23,,false,,,normal,false,true,2025-05-15 09:18:24,false,1294,claim_freetext,Please document the nature of this detail type (field)) ...,blocktext,"<b>[Temporary]</b><br>Brief note about the hypothesis that attests to this record\'s existence. This information is meant to be a temporary note that will eventually be entered into a Hypothesis entity, which should be linked back to this record.",,,open,0,claim_freetext,1294,1,0,,[],[],,true,viewable,2024-09-05 13:26:12,false,,,,,,
Description,Data fields about the general description of the entity.,3,3363,106,58,Description,Data fields about the general description of the entity.,,11,100,3,tabs,0,,,optional,public,open,open,0,,1,0,1,,,,false,dropdown_add,,,,false,false,,,2025-05-06 19:17:57,0,,false,106,document,0,"A physical entity: a book (manuscript, incunabula, fragment, printed copy…)","[1308.rectitle]\n{\\, \\ [[location unknown]]}\n[1309]{\\, \\} \n[1307]{\\, \\ [[without shelfmark]] ([1367])}\n[1310]{\\ hypothetical \\}",160,documents,open,0,historical-document,106,viewable,true,23,,false,,,normal,false,true,2025-05-15 09:18:24,false,58,Header 2,Please document the nature of this detail type (field)) ...,separator, ,,,open,2,Header 2,58,139,0,,[],[],0,false,viewable,2021-12-31 05:59:44,true,,,,,,
Description,Data fields about the general description of the entity.,3,3851,106,1312,collection_of_fragments,"Whether or not the document is a collection of fragments, compiled at a date significantly later than when the manuscript components were themselves created, i.e. a 19th-century collection of 12th- and 13th-century fragments.",,12,100,3,9498,0,,,required,public,open,open,0,,1,0,1,,,,false,dropdown_add,,,,false,false,,,2025-05-06 19:17:57,0,,true,106,document,0,"A physical entity: a book (manuscript, incunabula, fragment, printed copy…)","[1308.rectitle]\n{\\, \\ [[location unknown]]}\n[1309]{\\, \\} \n[1307]{\\, \\ [[without shelfmark]] ([1367])}\n[1310]{\\ hypothetical \\}",160,documents,open,0,historical-document,106,viewable,true,23,,false,,,normal,false,true,2025-05-15 09:18:24,false,1312,collection_of_fragments,Please document the nature of this detail type (field)) ...,enum,"Whether or not the document is a collection of fragments, compiled at a date significantly later than when the manuscript components were themselves created, i.e. a 19th-century collection of 12th- and 13th-century fragments.",,,open,0,collection_of_fragments,1312,1,0,9496,[],[],,true,viewable,2024-09-05 17:10:46,false,,9496,yes/no vocab,,3,"{Yes={'description': NULL, 'url': NULL, 'id': 9497}, No={'description': NULL, 'url': NULL, 'id': 9498}, unknown={'description': The information is not ready for input., 'url': NULL, 'id': 9535}}"
Description,Data fields about the general description of the entity.,3,3850,106,1311,old_shelfmark,Outmoded shelf marks by which the archival object used to be known and referenced.,,13,30,3,,0,,,recommended,public,open,open,0,,0,0,1,,,,false,dropdown_add,,,,false,false,,,2025-05-06 19:17:57,0,,false,106,document,0,"A physical entity: a book (manuscript, incunabula, fragment, printed copy…)","[1308.rectitle]\n{\\, \\ [[location unknown]]}\n[1309]{\\, \\} \n[1307]{\\, \\ [[without shelfmark]] ([1367])}\n[1310]{\\ hypothetical \\}",160,documents,open,0,historical-document,106,viewable,true,23,,false,,,normal,false,true,2025-05-15 09:18:24,false,1311,old_shelfmark,Please document the nature of this detail type (field)) ...,freetext,Outmoded shelf marks by which the archival object used to be known and referenced.,,,open,0,old_shelfmark,1311,1,0,,[],[],,true,viewable,2024-09-05 17:09:18,false,,,,,,
Description,Data fields about the general description of the entity.,3,3879,106,1326,digitization_freetext,"<b>Placeholder</b><br>Reference to a digitization that hasn\'t yet been added to the database, as a means of temporarily storing information that will eventually be linked via an entity to this record.",,14,60,3,,0,,,optional,public,open,open,0,,0,0,1,,,,false,dropdown_add,,,,false,false,,,2026-02-11 14:56:23,0,,false,106,document,0,"A physical entity: a book (manuscript, incunabula, fragment, printed copy…)","[1308.rectitle]\n{\\, \\ [[location unknown]]}\n[1309]{\\, \\} \n[1307]{\\, \\ [[without shelfmark]] ([1367])}\n[1310]{\\ hypothetical \\}",160,documents,open,0,historical-document,106,viewable,true,23,,false,,,normal,false,true,2025-05-15 09:18:24,false,1326,digitization_freetext,Please document the nature of this detail type (field)) ...,freetext,"<b>Placeholder</b><br>Reference to a digitization that hasn\'t yet been added to the database, as a means of temporarily storing information that will eventually be linked via an entity to this record.",,,open,0,digitization_freetext,1326,1,0,,[],[],,true,viewable,2024-09-05 18:33:33,false,,,,,,
Description,Data fields about the general description of the entity.,3,3959,106,1368,description_freetext,Briefly describe any additional elements known on the document,,15,60,3,,0,,,optional,public,open,open,0,,1,0,1,,,,false,dropdown_add,,,,false,false,,,2026-02-11 15:02:43,0,,false,106,document,0,"A physical entity: a book (manuscript, incunabula, fragment, printed copy…)","[1308.rectitle]\n{\\, \\ [[location unknown]]}\n[1309]{\\, \\} \n[1307]{\\, \\ [[without shelfmark]] ([1367])}\n[1310]{\\ hypothetical \\}",160,documents,open,0,historical-document,106,viewable,true,23,,false,,,normal,false,true,2025-05-15 09:18:24,false,1368,description freetext,Please document the nature of this detail type (field)) ...,freetext,Briefly describe any additional elements known on the document,,,open,0,description freetext,1368,1,0,,[],[],,true,viewable,2026-02-11 15:01:38,false,,,,,,
Production,,4,3880,106,71,Production,,,16,100,3,tabs,0,,,forbidden,public,open,open,0,,1,0,1,,,,false,dropdown_add,,,,false,false,,,2026-02-11 15:01:38,0,,false,106,document,0,"A physical entity: a book (manuscript, incunabula, fragment, printed copy…)","[1308.rectitle]\n{\\, \\ [[location unknown]]}\n[1309]{\\, \\} \n[1307]{\\, \\ [[without shelfmark]] ([1367])}\n[1310]{\\ hypothetical \\}",160,documents,open,0,historical-document,106,viewable,true,23,,false,,,normal,false,true,2025-05-15 09:18:24,false,71,Header 5,Please document the nature of this detail type (field)) ...,separator, ,,,open,2,Header 5,71,139,0,,[],[],0,false,viewable,2021-12-31 05:59:47,true,,,,,,
Production,,4,3881,106,1285,date_of_creation,Time when the entity begins to exist.,,17,100,3,,0,,,forbidden,public,open,open,0,,1,0,1,,,,false,dropdown_add,,,,false,false,,,2026-02-11 15:01:38,0,https://www.wikidata.org/wiki/Property:P571,false,106,document,0,"A physical entity: a book (manuscript, incunabula, fragment, printed copy…)","[1308.rectitle]\n{\\, \\ [[location unknown]]}\n[1309]{\\, \\} \n[1307]{\\, \\ [[without shelfmark]] ([1367])}\n[1310]{\\ hypothetical \\}",160,documents,open,0,historical-document,106,viewable,true,23,,false,,,normal,false,true,2025-05-15 09:18:24,false,1285,date_of_creation,Please document the nature of this detail type (field)) ...,date,Time when the entity begins to exist.,,,open,0,date_of_creation,1285,1,0,,[],[],,true,viewable,2024-09-05 10:11:57,false,https://www.wikidata.org/wiki/Property:P571,,,,,
Production,,4,3885,106,1094,date_freetext,"Brief, human-readable description of the date given to this record.",,18,100,3,,0,,,forbidden,public,open,open,0,,1,0,1,,,,false,dropdown_add,,,,false,false,,,2025-05-06 19:17:57,0,,false,106,document,0,"A physical entity: a book (manuscript, incunabula, fragment, printed copy…)","[1308.rectitle]\n{\\, \\ [[location unknown]]}\n[1309]{\\, \\} \n[1307]{\\, \\ [[without shelfmark]] ([1367])}\n[1310]{\\ hypothetical \\}",160,documents,open,0,historical-document,106,viewable,true,23,,false,,,normal,false,true,2025-05-15 09:18:24,false,1094,date_freetext,Please document the nature of this detail type (field)) ...,freetext,"Brief, human-readable description of the date given to this record.",,,open,0,Date_libre,1094,1,0,,[],[],,true,viewable,2024-09-04 17:42:08,false,,,,,,
Production,,4,3882,106,1286,date_of_creation_source,"Notes about the source of the creation date information, including a human-readable summary or transcription of the time range. Can include a brief bibliographic citation.",,19,100,3,,0,,,forbidden,public,open,open,0,,1,0,1,,,,false,dropdown_add,,,,false,false,,,2025-05-06 19:17:57,0,,false,106,document,0,"A physical entity: a book (manuscript, incunabula, fragment, printed copy…)","[1308.rectitle]\n{\\, \\ [[location unknown]]}\n[1309]{\\, \\} \n[1307]{\\, \\ [[without shelfmark]] ([1367])}\n[1310]{\\ hypothetical \\}",160,documents,open,0,historical-document,106,viewable,true,23,,false,,,normal,false,true,2025-05-15 09:18:24,false,1286,date_of_creation_source,Please document the nature of this detail type (field)) ...,blocktext,"Notes about the source of the creation date information, including a human-readable summary or transcription of the time range. Can include a brief bibliographic citation.",,,open,0,date_of_creation_source,1286,1,0,,[],[],,true,viewable,2024-09-05 10:13:22,false,,,,,,
Production,,4,3883,106,1290,place_of_creation,Place where the entity was conceived or made.,,20,100,3,,0,,,forbidden,public,open,open,0,,1,0,1,,,,false,dropdown_add,,,,false,false,,,2025-05-06 19:17:57,0,https://www.wikidata.org/wiki/Property:P1071,false,106,document,0,"A physical entity: a book (manuscript, incunabula, fragment, printed copy…)","[1308.rectitle]\n{\\, \\ [[location unknown]]}\n[1309]{\\, \\} \n[1307]{\\, \\ [[without shelfmark]] ([1367])}\n[1310]{\\ hypothetical \\}",160,documents,open,0,historical-document,106,viewable,true,23,,false,,,normal,false,true,2025-05-15 09:18:24,false,1290,place_of_creation,Please document the nature of this detail type (field)) ...,resource,Place where the entity was conceived or made.,,,open,0,place_of_creation,1290,1,0,,[],[12],,true,viewable,2024-09-05 12:39:54,false,https://www.wikidata.org/wiki/Property:P1071,,,,,
Production,,4,3892,106,1328,place_of_creation_freetext,"Placeholder notes about the entity\'s place of creation, to eventually be converted into a relation to a Place entity.",,21,60,3,,0,,,forbidden,public,open,open,0,,1,0,1,,,,false,dropdown_add,,,,false,false,,,2025-05-06 19:17:57,0,,false,106,document,0,"A physical entity: a book (manuscript, incunabula, fragment, printed copy…)","[1308.rectitle]\n{\\, \\ [[location unknown]]}\n[1309]{\\, \\} \n[1307]{\\, \\ [[without shelfmark]] ([1367])}\n[1310]{\\ hypothetical \\}",160,documents,open,0,historical-document,106,viewable,true,23,,false,,,normal,false,true,2025-05-15 09:18:24,false,1328,place_of_creation_freetext,Please document the nature of this detail type (field)) ...,freetext,"Placeholder notes about the entity\'s place of creation, to eventually be converted into a relation to a Place entity.",,,open,0,place_of_creation_freetext,1328,1,0,,[],[],,true,viewable,2024-09-06 09:29:55,false,,,,,,
Production,,4,3884,106,1291,place_of_creation_source,Notes along with bibliographic citation about the source of the creation place information.,,22,100,3,,0,,,forbidden,public,open,open,0,,1,0,1,,,,false,dropdown_add,,,,false,false,,,2025-05-06 19:17:57,0,,false,106,document,0,"A physical entity: a book (manuscript, incunabula, fragment, printed copy…)","[1308.rectitle]\n{\\, \\ [[location unknown]]}\n[1309]{\\, \\} \n[1307]{\\, \\ [[without shelfmark]] ([1367])}\n[1310]{\\ hypothetical \\}",160,documents,open,0,historical-document,106,viewable,true,23,,false,,,normal,false,true,2025-05-15 09:18:24,false,1291,place_of_creation_source,Please document the nature of this detail type (field)) ...,blocktext,Notes along with bibliographic citation about the source of the creation place information.,,,open,0,place_of_creation_source,1291,1,0,,[],[],,true,viewable,2024-09-05 12:42:29,false,,,,,,
References,Data fields containing information that refers to the entity.,5,3367,106,76,References,Data fields containing information that refers to the entity.,,23,100,3,tabs,0,,,optional,public,open,open,0,,1,0,1,,,,false,dropdown_add,,,,false,false,,,2025-05-06 19:17:57,0,,false,106,document,0,"A physical entity: a book (manuscript, incunabula, fragment, printed copy…)","[1308.rectitle]\n{\\, \\ [[location unknown]]}\n[1309]{\\, \\} \n[1307]{\\, \\ [[without shelfmark]] ([1367])}\n[1310]{\\ hypothetical \\}",160,documents,open,0,historical-document,106,viewable,true,23,,false,,,normal,false,true,2025-05-15 09:18:24,false,76,Header 6,Please document the nature of this detail type (field)) ...,separator, ,,,open,3,HEADING 1,1054,139,0,,[],[],0,false,viewable,2021-12-31 05:59:47,true,,,,,,
References,Data fields containing information that refers to the entity.,5,3853,106,1255,described_by_source,"Work where the item is described.<br>Property <a target=\""_blank\"" href=\""https://www.wikidata.org/wiki/Property:P1343\"">P1343</a><br>\nDescribed in source / written about in / described by encyclopedia / described by reference work",,24,100,3,,0,,,recommended,public,open,open,0,,0,0,1,,,,false,dropdown_add,,,,false,false,,,2025-05-06 19:17:57,0,https://www.wikidata.org/wiki/Property:P1343,false,106,document,0,"A physical entity: a book (manuscript, incunabula, fragment, printed copy…)","[1308.rectitle]\n{\\, \\ [[location unknown]]}\n[1309]{\\, \\} \n[1307]{\\, \\ [[without shelfmark]] ([1367])}\n[1310]{\\ hypothetical \\}",160,documents,open,0,historical-document,106,viewable,true,23,,false,,,normal,false,true,2025-05-15 09:18:24,false,1255,described_by_source,Please document the nature of this detail type (field)) ...,resource,"Work where the item is described.<br>Property <a target=\""_blank\"" href=\""https://www.wikidata.org/wiki/Property:P1343\"">P1343</a><br>\nDescribed in source / written about in / described by encyclopedia / described by reference work",,,open,0,described_by_source,1255,1,0,,[],"[73, 77, 128, 69, 70]",,true,viewable,2024-10-16 14:22:50,false,https://www.wikidata.org/wiki/Property:P1343,,,,,
References,Data fields containing information that refers to the entity.,5,3854,106,1269,described_at_URL,"Described at webpage.<br>Property <a target=\""_blank\"" href=\""https://www.wikidata.org/wiki/Property:P973\"">P973</a>",,25,100,3,,0,,,recommended,public,open,open,0,,0,0,1,,,,false,dropdown_add,,,,false,false,,,2025-05-06 19:17:57,0,https://www.wikidata.org/wiki/Property:P973,false,106,document,0,"A physical entity: a book (manuscript, incunabula, fragment, printed copy…)","[1308.rectitle]\n{\\, \\ [[location unknown]]}\n[1309]{\\, \\} \n[1307]{\\, \\ [[without shelfmark]] ([1367])}\n[1310]{\\ hypothetical \\}",160,documents,open,0,historical-document,106,viewable,true,23,,false,,,normal,false,true,2025-05-15 09:18:24,false,1269,described_at_URL,Please document the nature of this detail type (field)) ...,freetext,"Described at webpage.<br>Property <a target=\""_blank\"" href=\""https://www.wikidata.org/wiki/Property:P973\"">P973</a>",,,open,0,semantic_reference_uri,1269,1,0,,[],[],,true,viewable,2024-10-15 11:23:11,false,,,,,,
References,Data fields containing information that refers to the entity.,5,3893,106,1329,online_catalogue_URL,"URL of the page in a library or archive\'s digital catalogue that serves as the reference for the document.<br>Property <a target=\""_blank\"" href=\""https://www.wikidata.org/wiki/Property:P8768\"">P8768</a>",,26,60,3,,0,,,recommended,public,open,open,0,,1,0,1,,,,false,dropdown_add,,,,false,false,,,2025-05-06 19:17:57,0,https://www.wikidata.org/wiki/Property:P8768,false,106,document,0,"A physical entity: a book (manuscript, incunabula, fragment, printed copy…)","[1308.rectitle]\n{\\, \\ [[location unknown]]}\n[1309]{\\, \\} \n[1307]{\\, \\ [[without shelfmark]] ([1367])}\n[1310]{\\ hypothetical \\}",160,documents,open,0,historical-document,106,viewable,true,23,,false,,,normal,false,true,2025-05-15 09:18:24,false,1329,online_catalogue_URL,Please document the nature of this detail type (field)) ...,freetext,"URL of the page in a library or archive\'s digital catalogue that serves as the reference for the document.<br>Property <a target=\""_blank\"" href=\""https://www.wikidata.org/wiki/Property:P8768\"">P8768</a>",,,open,0,catalogue_url,1329,1,0,,[],[],,true,viewable,2024-10-15 11:10:01,false,,,,,,
References,Data fields containing information that refers to the entity.,5,3909,106,1271,ARK,"Archival Resource Key for the item or notice in the archival institution\'s catalogue / system.<br>Property <a target=\""_blank\"" href=\""https://www.wikidata.org/wiki/Property:P8091\"">P8091</a>",,27,100,3,,0,,,recommended,public,open,open,0,,1,0,1,,,,false,dropdown_add,,,,false,false,,,2025-05-06 19:17:57,0,https://www.wikidata.org/wiki/Property:P8091,false,106,document,0,"A physical entity: a book (manuscript, incunabula, fragment, printed copy…)","[1308.rectitle]\n{\\, \\ [[location unknown]]}\n[1309]{\\, \\} \n[1307]{\\, \\ [[without shelfmark]] ([1367])}\n[1310]{\\ hypothetical \\}",160,documents,open,0,historical-document,106,viewable,true,23,,false,,,normal,false,true,2025-05-15 09:18:24,false,1271,ARK,Please document the nature of this detail type (field)) ...,freetext,"Archival Resource Key for the item or notice in the archival institution\'s catalogue / system.<br><a target=\""_blank\"" href=\""https://www.wikidata.org/wiki/Property:P8091\"">P8091</a>",,,open,0,ARK,1271,1,0,,[],[],,true,viewable,2024-10-15 11:10:47,false,,,,,,
References,Data fields containing information that refers to the entity.,5,3855,106,1284,reference_notes,Brief notes about a reference and/or citation that should eventually be added to the database and linked to this record.,,28,100,3,,0,,,optional,public,open,open,0,,0,0,1,,,,false,dropdown_add,,,,false,false,,,2025-05-06 19:17:57,0,,false,106,document,0,"A physical entity: a book (manuscript, incunabula, fragment, printed copy…)","[1308.rectitle]\n{\\, \\ [[location unknown]]}\n[1309]{\\, \\} \n[1307]{\\, \\ [[without shelfmark]] ([1367])}\n[1310]{\\ hypothetical \\}",160,documents,open,0,historical-document,106,viewable,true,23,,false,,,normal,false,true,2025-05-15 09:18:24,false,1284,reference_notes,Please document the nature of this detail type (field)) ...,freetext,Brief notes about a reference and/or citation that should eventually be added to the database and linked to this record.,,,open,0,reference_notes,1284,1,0,,[],[],,true,viewable,2024-09-04 14:17:54,false,,,,,,
Review,Status of record\'s review.,6,3843,106,70,Review,Status of record\'s review.,,29,100,3,tabs,0,,,optional,public,open,open,0,,1,0,1,,,,false,dropdown_add,,,,false,false,,,2025-05-06 19:17:57,0,,false,106,document,0,"A physical entity: a book (manuscript, incunabula, fragment, printed copy…)","[1308.rectitle]\n{\\, \\ [[location unknown]]}\n[1309]{\\, \\} \n[1307]{\\, \\ [[without shelfmark]] ([1367])}\n[1310]{\\ hypothetical \\}",160,documents,open,0,historical-document,106,viewable,true,23,,false,,,normal,false,true,2025-05-15 09:18:24,false,70,Header 4,Please document the nature of this detail type (field)) ...,separator, ,,,open,2,Header 4,70,139,0,,[],[],0,false,viewable,2021-12-31 05:59:46,true,,,,,,
Review,Status of record\'s review.,6,3856,106,1183,review_status,Status of record\'s preparation for public view.,,30,100,3,,0,,,required,public,open,open,0,,1,0,1,,,,false,dropdown_add,,,,false,false,,,2025-05-06 19:17:57,0,,true,106,document,0,"A physical entity: a book (manuscript, incunabula, fragment, printed copy…)","[1308.rectitle]\n{\\, \\ [[location unknown]]}\n[1309]{\\, \\} \n[1307]{\\, \\ [[without shelfmark]] ([1367])}\n[1310]{\\ hypothetical \\}",160,documents,open,0,historical-document,106,viewable,true,23,,false,,,normal,false,true,2025-05-15 09:18:24,false,1183,review_status,Please document the nature of this detail type (field)) ...,enum,Status of record\'s preparation for public view.,,,open,0,review_staus,1183,1,0,9696,[],[],,true,viewable,2024-05-27 10:34:10,false,,9696,_record review vocab,Terms about records\' quality check / review status.,3,"{Action required={'description': The record contains information that requires a review., 'url': NULL, 'id': 9697}, Open={'description': The record is newly created and/or in process., 'url': NULL, 'id': 9698}, Publish={'description': 'The record has been approved for publication. It\\\'s accuracy has been verified.', 'url': NULL, 'id': 9699}}"
Review,Status of record\'s review.,6,3857,106,1248,review_note,Information to help with review of this entity.,,31,100,3,,0,,,recommended,public,open,open,0,,1,0,1,,,,false,dropdown_add,,,,false,false,,,2025-05-06 19:17:57,0,,false,106,document,0,"A physical entity: a book (manuscript, incunabula, fragment, printed copy…)","[1308.rectitle]\n{\\, \\ [[location unknown]]}\n[1309]{\\, \\} \n[1307]{\\, \\ [[without shelfmark]] ([1367])}\n[1310]{\\ hypothetical \\}",160,documents,open,0,historical-document,106,viewable,true,23,,false,,,normal,false,true,2025-05-15 09:18:24,false,1248,review_note,Please document the nature of this detail type (field)) ...,blocktext,Information to help with review of this entity.,,,open,0,review_note,1248,1,0,,[],[],,true,viewable,2024-08-27 18:32:44,false,,,,,,
